x_world,z_world
-0.128136,-0.142726
-0.127257,-0.153852
0.066925,-0.459461
0.076863,-0.459475
0.086875,-0.459489
0.096970,-0.459503
0.107160,-0.459518
0.115977,-0.459530
0.126371,-0.459544
0.136891,-0.459559
0.147549,-0.459574
0.156805,-0.459587
0.167755,-0.459602
0.177281,-0.459616
0.186947,-0.459629
0.196761,-0.459643
0.206734,-0.459657
0.216878,-0.459671
0.227204,-0.459688
0.237724,-0.459706
0.248451,-0.459723
0.257558,-0.459739
0.268700,-0.459757
0.278173,-0.459773
0.287827,-0.459789
0.299666,-0.459809
0.309755,-0.459826
0.328465,-0.459857
0.339187,-0.459875
-0.130199,-0.147604
-0.133890,-0.157420
-0.443271,-0.547859
-0.443384,-0.554707
-0.443554,-0.565177
-0.146790,-0.205902
-0.444323,-0.617421
-0.444483,-0.629416
-0.444590,-0.637583
-0.444854,-0.658636
-0.445061,-0.676163
-0.445218,-0.689739
0.003054,-1.012403
0.054710,-0.457900
0.310292,-0.457831
0.343932,-0.457887
0.622412,-0.692905
0.623646,-0.685932
0.626590,-0.676771
0.630582,-0.668821
-0.442136,-0.493484
-0.442383,-0.505551
-0.442565,-0.514817
-0.442744,-0.524274
-0.442922,-0.533935
-0.151789,-0.201747
-0.444591,-0.643616
-0.444802,-0.660383
-0.445165,-0.691202
-0.445268,-0.700378
-0.445422,-0.714471
-0.445523,-0.724091
-0.445627,-0.733905
-0.445729,-0.743912
-0.054800,-1.011823
-0.045654,-1.011837
-0.039561,-1.011846
-0.024340,-1.011870
-0.015213,-1.011883
0.015203,-1.011930
0.024331,-1.011944
0.030419,-1.011954
0.045650,-1.011977
0.057850,-1.011996
0.053192,-0.462783
0.625313,-0.719116
0.622552,-0.707499
-0.441563,-0.473493
-0.441821,-0.484875
-0.443998,-0.606379
-0.124605,-1.012011
-0.115403,-1.012026
-0.109279,-1.012035
-0.094005,-1.012058
-0.084861,-1.012072
-0.078774,-1.012082
-0.066616,-1.012100
0.063592,-1.012300
-0.146298,-0.199791
-0.443723,-0.593997
-0.445678,-0.750966
-0.163689,-1.011704
-0.154442,-1.011719
-0.145222,-1.011733
-0.139090,-1.011742
0.053203,-0.486637
0.628077,-0.725635
-0.150758,-0.197634
-0.443499,-0.585811
-0.196564,-1.011387
-0.184174,-1.011406
-0.174918,-1.011420
0.053215,-0.505109
-0.139585,-0.201226
-0.443271,-0.578050
-0.226358,-1.011200
-0.213887,-1.011219
-0.207677,-1.011228
0.053251,-0.568468
0.053235,-0.538166
0.053226,-0.524254
0.053215,-0.511081
0.053203,-0.498589
-0.253083,-1.011150
-0.246793,-1.011159
-0.234273,-1.011179
0.053265,-0.627317
0.053261,-0.608559
0.053256,-0.590966
0.053251,-0.574426
0.053243,-0.558841
0.053235,-0.544131
0.053161,-0.470688
-0.273524,-1.011133
-0.264048,-1.011148
-0.290777,-1.011128
-0.284426,-1.011138
0.053270,-0.659281
0.053267,-0.639256
0.053250,-0.586366
-0.140242,-0.211310
-0.307977,-1.011034
0.053268,-0.734403
0.053272,-0.709688
0.053273,-0.686706
0.053271,-0.665279
0.053268,-0.645256
-0.325156,-1.010924
-0.318737,-1.010933
0.060358,-0.859345
0.053273,-0.715709
0.053274,-0.692727
0.053272,-0.671302
0.053258,-0.614921
-0.345571,-1.010797
-0.339096,-1.010807
0.071587,-1.011437
0.061186,-0.845449
-0.362779,-1.010673
-0.356257,-1.010683
0.053275,-0.727852
-0.373444,-1.010567
0.631927,-0.732604
-0.387368,-1.010471
-0.404620,-1.010389
-0.397979,-1.010400
-0.415232,-1.010335
-0.432559,-1.010283
-0.429184,-1.010289
-0.443155,-1.010246
-0.450313,-1.010207
-0.467695,-1.010115
-0.478220,-1.010018
-0.488725,-1.009909
-0.499221,-1.009799
-0.509718,-1.009697
-0.520225,-1.009609
-0.513113,-1.009620
-0.530750,-1.009537
-0.548222,-1.009440
0.053270,-0.741289
-0.558794,-1.009397
-0.565687,-1.009353
-0.583122,-1.009198
-0.579375,-1.009203
0.061603,-0.832361
-0.600562,-1.008991
-0.596753,-1.008997
-0.618069,-1.008797
-0.621002,-1.008729
-0.638575,-1.008617
-0.641409,-1.008581
-0.652216,-1.008530
-0.669904,-1.008399
0.061002,-0.823814
-0.675162,-1.008240
0.060610,-0.815164
-0.682679,-1.007989
0.080430,-1.009159
-0.697312,-1.008623
-0.700265,-1.009293
0.049833,-0.520457
0.049523,-0.501892
0.049307,-0.491236
0.049125,-0.483221
0.048861,-0.473106
0.048745,-0.469118
0.048428,-0.459355
0.048065,-0.530837
0.047875,-0.519321
-0.710611,-1.010713
0.047055,-0.600348
0.046909,-0.584712
0.046795,-0.574097
0.046679,-0.564306
0.046559,-0.555241
0.046478,-0.549568
0.048138,-0.713916
0.048020,-0.685175
0.047928,-0.666308
0.047834,-0.649354
0.047769,-0.638970
0.047702,-0.629240
0.047598,-0.615728
0.047458,-0.599503
0.049366,-0.735264
0.049235,-0.698031
0.049153,-0.678844
0.049005,-0.650979
0.049902,-0.749214
0.049828,-0.725053
0.049753,-0.703581
-0.728249,-1.010403
-0.734198,-1.010288
0.093407,-1.007253
-0.742637,-1.010173
0.103004,-1.006886
-0.751211,-1.010131
-0.764068,-1.010093
0.112850,-1.006539
-0.771855,-1.009947
0.125202,-1.006108
-0.784577,-1.009843
0.134795,-1.005654
-0.791707,-1.009746
0.143567,-1.005291
-0.804360,-1.009761
-0.817009,-1.009770
-0.829548,-1.009703
-0.833218,-1.009656
-0.840444,-1.009571
-0.854668,-1.009558
-0.867416,-1.009538
-0.876664,-1.009546
-0.880321,-1.009545
-0.899251,-1.009546
-0.910461,-1.009783
-0.904416,-1.009773
-0.931057,-1.009831
-0.924750,-1.009819
-0.951877,-1.009845
-0.947327,-1.009795
-0.969206,-1.009855
-0.971154,-1.009774
-1.003933,-1.007617
-0.994110,-1.009706
-0.986970,-1.009693
-0.450102,-0.747015
-0.450249,-0.753814
-1.005267,-0.983693
-0.450096,-0.724644
-0.450330,-0.735056
-0.450120,-0.684366
-0.450343,-0.693977
-0.450582,-0.704685
-0.450794,-0.714564
-1.007395,-0.974969
-0.450072,-0.677581
-1.007488,-0.967531
-1.007178,-0.958505
-1.006785,-0.948411
-1.006510,-0.933940
-1.006267,-0.925570
-1.006039,-0.916054
-1.005655,-0.901419
-1.005543,-0.898428
-1.005297,-0.887891
-1.005070,-0.875545
-1.004953,-0.868443
-1.004674,-0.852490
-1.004518,-0.845921
-1.004304,-0.835091
-1.003058,-0.819870
-1.003085,-0.822029
-0.999365,-0.809403
-0.999569,-0.819969
-0.999730,-0.828448
-0.999925,-0.839085
-0.997820,-0.793743
-0.999004,-0.848344
-0.999215,-0.858976
-0.999420,-0.869663
-0.999779,-0.889055
-0.999973,-0.899924
-0.999373,-0.779329
-0.999576,-0.789708
-0.444261,-0.760339
-0.999421,-0.762273
-1.000163,-0.801516
-0.999898,-0.871141
-0.999890,-0.904737
-0.999979,-0.915958
-0.999903,-0.924922
-0.999771,-0.930120
-0.999975,-0.946594
-1.000256,-0.738683
-1.000417,-0.747663
-1.000604,-0.758367
-1.000756,-0.767233
-1.000933,-0.777813
-1.001105,-0.788337
-1.001134,-0.790086
-1.000336,-0.722186
-0.999628,-0.751602
-1.001498,-0.688297
-1.001632,-0.697607
-1.001788,-0.708663
-1.001889,-0.715968
-1.002349,-0.639283
-1.002464,-0.649136
-1.002576,-0.658867
-1.002685,-0.668482
-1.002707,-0.670392
-1.002705,-0.624099
-1.003664,-0.569586
-1.003814,-0.589003
-1.003895,-0.599537
-1.003973,-0.609902
-1.003988,-0.611955
-1.003789,-0.557349
-1.003885,-0.570593
-1.004660,-0.549781
-1.005015,-0.510484
-1.005055,-0.520070
-1.005104,-0.531816
-1.005251,-0.487104
-1.005269,-0.492131
-1.005304,-0.502041
-1.005404,-0.468977
-1.005412,-0.471585
-1.005519,-0.459588
-1.005663,-0.448548
-1.008317,-0.406462
-1.008287,-0.413853
-1.008227,-0.428096
-1.008197,-0.434961
-1.008192,-0.388208
-1.008162,-0.396092
-1.008620,-0.338182
-1.008507,-0.369938
-1.008475,-0.378437
-1.008892,-0.323230
-1.008824,-0.342835
-1.008790,-0.352196
-1.009000,-0.310745
-1.009163,-0.228983
-1.009129,-0.242278
-1.009061,-0.267438
-1.009027,-0.279356
-1.009010,-0.285159
-1.008993,-0.290864
-1.008941,-0.307403
-1.009284,-0.194649
-1.009267,-0.202092
-1.009234,-0.216539
-1.009199,-0.230430
-1.009148,-0.250291
-1.009398,-0.169694
-1.009366,-0.185640
-1.009335,-0.172793
-1.009384,-0.127788
-1.009566,-0.046191
-1.009554,-0.057391
-1.009526,-0.078947
-1.009511,-0.089325
-1.009498,-0.099441
-1.009483,-0.109312
-1.009468,-0.118949
-1.009438,-0.137546
-1.009423,-0.146520
-1.009407,-0.155293
-1.009684,0.067283
-1.009675,0.052715
-1.009653,0.024853
-1.009642,0.011525
-1.009631,-0.001421
-1.009620,-0.014006
-1.009607,-0.026245
-1.009595,-0.038153
-1.009567,-0.061031
-1.009759,0.097243
-1.009751,0.081190
-1.009789,0.035835
-1.009815,0.043223
-1.009045,0.113559
-1.009044,0.075878
-1.009156,0.108370
-1.008958,0.122960
-0.749323,-0.040401
-1.008046,0.140744
-0.750601,-0.039917
-1.008509,0.137330
-0.733271,-0.051775
-0.761438,-0.023833
-0.764847,-0.015190
-0.767379,-0.000439
-1.008028,0.150291
-0.999846,-0.744336
-0.722392,-0.053923
-0.733339,-0.049928
-0.759446,-0.025220
-1.007475,0.163923
-0.999850,-0.728476
-0.999548,-0.731927
-0.679672,-0.046778
-0.690820,-0.051536
-0.701082,-0.053758
-0.710740,-0.054130
-0.999734,-0.712114
-0.683443,-0.049103
-0.689052,-0.051660
-0.749972,-0.036868
-0.667225,-0.037363
-1.007304,0.185279
-0.999825,-0.700491
-0.999835,-0.682500
-0.999212,-0.690816
-0.728044,-0.048322
-0.999843,-0.669044
-0.999615,-0.672557
-0.656639,-0.022486
-1.004905,0.218592
-0.999831,-0.644928
-0.999370,-0.652737
-0.757311,-0.017942
-1.004156,0.191434
-0.999675,-0.623677
-0.999171,-0.633649
-0.694825,-0.049789
-0.715615,-0.049623
-0.999842,-0.607910
-0.999730,-0.610755
-0.738021,-0.039687
-1.003573,0.229179
-1.003323,0.172182
-0.999822,-0.593677
-0.709800,-0.048888
-0.746004,-0.029931
-0.999597,-0.528364
-0.999420,-0.537566
-0.999201,-0.547782
-0.998977,-0.557196
-0.998748,-0.565910
-0.998471,-0.575299
-0.998188,-0.583948
-0.760389,0.015432
-0.999963,-0.509813
-0.999930,-0.511923
-0.671523,-0.039928
-0.759730,-0.003339
-0.999109,-0.485297
-0.999001,-0.492047
-0.181034,-0.135522
-0.999549,-0.414253
-0.999454,-0.424460
-0.999356,-0.434075
-0.999255,-0.443146
-0.999118,-0.454466
-0.999015,-0.462431
-0.998873,-0.472424
-0.179084,-0.144761
-0.651811,-0.019526
-1.000612,0.249642
-0.999639,-0.377174
-0.999548,-0.389244
-0.999484,-0.396865
-0.999454,-0.400549
-0.559128,-0.446054
-0.172811,-0.154760
-1.000552,0.253830
-0.999685,-0.351987
-0.999624,-0.360925
-0.179559,-0.128886
-1.000536,0.231146
-1.000543,0.202964
-0.999797,-0.319269
-0.999743,-0.329377
-0.999714,-0.334251
-0.999653,-0.343663
-0.180087,-0.142629
-0.999866,-0.297208
-0.999837,-0.302694
-1.000539,0.269835
-0.999929,-0.271690
-0.999872,-0.283008
-0.999944,-0.261909
-1.000576,0.281650
-0.999910,-0.253582
-0.999917,-0.243609
-0.659223,-0.030351
-0.999893,-0.239306
-0.999898,-0.229341
-1.000580,0.315673
-0.999883,-0.215098
-0.999889,-0.205172
-1.000578,0.293001
-0.999894,-0.195257
-0.999898,-0.185352
-0.999880,-0.171416
-1.000572,0.325081
-1.000579,0.301336
-1.000582,0.278749
-0.999883,-0.161602
-0.999885,-0.151791
-0.999888,-0.141978
-1.000570,0.342707
-0.999892,-0.132163
-0.721540,0.187450
-1.000568,0.356521
-1.000573,0.333162
-0.999922,-0.116262
-0.999896,-0.122341
-1.000568,0.370359
-1.000573,0.360477
-0.999907,-0.102674
-0.999887,-0.098912
-0.999894,-0.089108
-0.999901,-0.079296
-1.000580,0.392097
-0.999907,-0.069474
-1.000579,0.405654
-1.000580,0.383177
-0.685046,0.449901
-0.691248,0.449900
-0.701337,0.445518
-0.999887,-0.056060
-0.669812,0.449856
-0.672915,0.449856
-0.999917,-0.040057
-0.717316,0.201925
-1.000572,0.423369
-0.999891,-0.036541
-0.703124,0.454494
-0.999892,-0.026789
-1.000563,0.450131
-0.999947,-0.004110
-0.999893,-0.017041
-1.000557,0.419477
-0.702968,0.474707
-1.000555,0.445469
-0.999902,0.012186
-1.000552,0.437408
-0.999908,0.021927
-0.702973,0.493574
-0.999893,0.034854
-0.717149,0.199815
-1.000559,0.475733
-0.999900,0.044532
-1.000561,0.488505
-1.000556,0.467770
-0.999906,0.054209
-0.999912,0.063885
-0.702995,0.512885
-0.660093,0.451125
-1.000555,0.505669
-0.999893,0.076640
-1.000553,0.518336
-1.000546,0.497894
-0.999922,0.092922
-0.999895,0.086278
-0.702987,0.531618
-0.702929,0.549959
-0.999902,0.105587
-0.658716,0.452459
-0.703192,0.481335
-1.000544,0.535667
-0.669567,-0.040082
-0.999887,0.118257
-0.702947,0.568753
-1.000538,0.540568
-1.000536,0.521125
-0.999893,0.127884
-0.703027,0.550204
-0.999899,0.137523
-0.704409,0.461935
-1.000542,0.565575
-0.999905,0.147157
-0.055130,0.208889
-0.702951,0.587425
-0.999910,0.156785
-0.056545,0.213093
-1.000540,0.551336
-0.058743,0.228087
-0.718584,0.183316
-0.999890,0.169214
-0.703284,0.500709
-1.000536,0.575642
-0.999892,0.178765
-0.058584,0.234887
-0.703214,0.604509
-0.999919,0.195190
-0.999893,0.188307
-1.000532,0.599859
-1.000529,0.580909
-0.055507,0.247679
-0.999898,0.207369
-0.999903,0.216898
-1.000531,0.616753
-0.999909,0.226432
-0.052732,0.254215
-0.720384,0.171674
-0.721138,0.164956
-0.999897,0.238529
-0.999932,0.255070
-0.999905,0.248036
-0.649402,0.451434
-1.000537,0.627313
-1.000528,0.609622
-0.703420,0.520420
-0.999919,0.267067
-0.723009,0.155873
-1.000534,0.633009
-1.000535,0.644758
-0.999900,0.279070
-0.704279,0.614630
-1.000534,0.656499
-0.999903,0.288561
-1.000533,0.668204
-0.999879,0.291065
-0.999881,0.300505
-1.000521,0.673862
-0.999909,0.317010
-0.999891,0.328857
-1.000511,0.691260
-0.999896,0.338304
-0.637699,0.450855
-1.000499,0.685759
-0.999901,0.347747
-0.999907,0.357183
-1.000506,0.708530
-0.999913,0.366613
-1.000507,0.714445
-0.999900,0.378210
-1.000508,0.725661
-0.999904,0.387568
-1.000510,0.736873
-0.999909,0.396924
-0.999913,0.406282
-0.626600,0.450405
-1.000506,0.742751
-0.999895,0.417738
-0.999900,0.427076
-1.000505,0.759970
-0.999932,0.443777
-0.999906,0.436425
-0.703558,0.599153
-1.000509,0.771095
-1.000513,0.782279
-1.000503,0.766327
-0.612987,0.450257
-0.998900,0.455248
-0.997894,0.474743
-0.997864,0.467311
-0.048975,0.198842
-0.046158,0.261895
-0.759743,0.010873
-0.609184,0.450158
-0.657557,0.449959
-0.649904,0.449973
-0.996790,0.550109
-0.996754,0.541257
-0.996657,0.515944
-0.996623,0.507880
-0.996586,0.499983
-0.998186,0.745829
-0.998126,0.705612
-0.998036,0.657043
-0.997961,0.623904
-0.997911,0.603213
-0.997880,0.593231
-0.997857,0.583525
-0.997827,0.574030
-0.997800,0.564772
-0.997714,0.538269
-0.997680,0.529820
-0.997494,0.482971
-0.701482,0.570148
-0.997964,0.765533
-0.997930,0.737621
-0.997889,0.711274
-0.997842,0.686365
-0.997819,0.674428
-0.997791,0.662785
-0.997743,0.640458
-0.997693,0.619260
-0.032389,0.182782
-0.626908,0.449953
-0.638677,0.449898
-0.997066,0.822284
-0.997026,0.791457
-0.996862,0.696993
-0.996724,0.639947
-0.048751,0.255455
-0.609571,0.449794
-0.615519,0.449760
-0.996024,0.811404
-0.995978,0.781759
-0.995868,0.727435
-0.003829,0.174947
-0.028114,0.182399
-0.048570,0.204346
-0.994892,0.800305
-0.994834,0.771788
-0.994803,0.758140
-0.010118,0.175434
-0.995622,0.837637
-0.020864,0.178057
-0.036510,0.270678
-0.699112,0.532573
-0.699021,0.559518
-0.698394,0.517670
-0.698191,0.571895
-0.698134,0.586921
-0.699498,0.608334
-0.035982,0.190126
-0.698806,0.439116
-0.697749,0.475764
-0.697653,0.498759
-0.048805,0.249824
-0.698285,0.480330
-0.698191,0.504069
-0.698041,0.543412
-0.698259,0.465895
-0.698019,0.526832
-0.697129,0.566493
-0.697019,0.598831
-0.048455,0.211688
-0.165537,-0.190089
-0.165844,-0.153226
-0.171768,-0.131740
-0.169474,-0.145383
-0.168247,-0.128204
0.010320,0.171040
-0.162649,-0.188960
0.056997,-0.447922
0.060911,-0.443434
0.100228,-0.443682
-0.169869,-0.131940
-0.162353,-0.200877
0.076206,-0.443504
0.084090,-0.443564
0.092102,-0.443625
0.116887,-0.443804
0.125413,-0.443863
0.134084,-0.443924
0.142883,-0.443980
-0.063742,-0.219928
-0.158142,-0.185672
-0.057823,-0.125246
0.084649,0.192633
-0.413313,0.049275
-0.159492,-0.161569
0.060330,-0.613906
0.060354,-0.596162
0.060370,-0.585670
0.060385,-0.575288
0.060401,-0.565014
0.060416,-0.554843
0.060432,-0.544772
0.060447,-0.534799
0.060462,-0.524920
0.060476,-0.515132
0.060491,-0.505433
0.060505,-0.495819
0.060520,-0.486288
0.060530,-0.479979
0.060553,-0.464356
0.007560,0.167588
-0.449935,-0.440674
0.060339,-0.606769
-0.157276,-0.124647
-0.134584,-0.753119
-0.117267,-0.214607
-0.100445,-0.195877
0.089622,-0.193729
0.018119,-0.130671
0.106933,0.197078
-0.271818,0.086757
-0.521975,-0.441396
-0.511312,-0.441753
-0.502180,-0.442042
-0.490903,-0.442382
-0.481222,-0.442662
-0.471269,-0.442938
-0.461030,-0.443207
-0.450487,-0.443471
-0.541332,-0.442370
-0.538002,-0.442481
-0.696488,-0.060753
-0.703283,-0.060685
-0.542943,-0.483900
-0.542961,-0.478641
-0.542997,-0.468419
-0.543033,-0.458569
-0.162085,-0.160468
0.011553,0.164657
-0.710254,-0.060153
-0.541320,-0.640331
-0.541408,-0.614575
-0.541481,-0.594581
-0.541523,-0.583169
-0.541566,-0.572162
-0.541594,-0.565038
-0.541635,-0.554658
-0.541677,-0.544626
-0.541718,-0.534924
-0.541745,-0.528630
-0.541799,-0.516439
-0.541853,-0.504748
-0.541879,-0.499079
0.008111,-0.241487
-0.541678,-0.606335
-0.682860,-0.060174
0.059284,-0.223645
-0.048718,-0.177763
-0.679483,-0.058408
-0.631729,-0.280501
-0.627469,-0.277823
-0.617046,-0.271203
-0.612090,-0.268026
-0.607092,-0.264805
-0.596948,-0.258217
-0.587216,-0.251841
-0.581252,-0.247911
-0.577218,-0.245242
-0.566201,-0.237919
-0.556930,-0.231720
-0.551063,-0.227780
-0.546573,-0.224758
-0.535765,-0.217458
-0.526089,-0.210895
-0.521091,-0.207496
-0.515977,-0.204012
-0.506277,-0.197386
-0.496108,-0.190421
-0.491316,-0.187131
-0.485414,-0.183073
-0.475178,-0.176023
-0.461039,-0.166258
-0.455323,-0.162301
-0.444599,-0.154868
-0.431963,-0.146092
-0.423977,-0.140536
-0.414237,-0.133751
-0.402496,-0.125559
-0.381837,-0.111117
-0.371555,-0.103917
-0.341393,-0.082752
-0.025918,0.219491
-0.532420,-0.439473
-0.522547,-0.439851
-0.261793,-0.604405
-0.241266,-0.593302
-0.220316,-0.581949
-0.201056,-0.571493
-0.170232,-0.554724
-0.179130,-0.190639
-0.184342,-0.180598
-0.187431,-0.171009
-0.189320,-0.161673
-0.189798,-0.152548
-0.183167,-0.123900
0.060839,-0.625289
-0.174057,-0.180581
-0.175654,-0.171107
-0.160383,-0.116286
-0.046435,0.221440
-0.043992,0.236045
0.061467,-0.653398
0.061455,-0.642539
0.061451,-0.638948
-0.167631,-0.170798
-0.171380,-0.161202
-0.013763,0.168743
-0.541539,-0.633721
-0.541555,-0.629226
0.061822,-0.663371
0.061761,-0.675601
-0.155593,-0.177824
-0.035155,0.250913
0.061772,-0.684880
-0.038443,0.245788
-0.030802,0.176831
0.061990,-0.700524
0.061982,-0.696779
-0.540733,-0.680657
-0.540750,-0.675164
-0.540769,-0.669765
-0.540804,-0.659243
-0.540788,-0.702782
-0.540824,-0.691066
0.061911,-0.719360
0.061901,-0.728564
-0.159960,-0.211618
-0.540587,-0.726504
-0.540606,-0.719916
0.061642,-0.740487
0.061631,-0.736639
-0.540650,-0.736953
-0.481782,-0.450142
-0.472552,-0.450313
-0.463051,-0.450484
-0.453260,-0.450654
-0.448174,-0.450014
-0.161458,-0.212186
-0.150405,-0.130952
-0.540482,-0.741892
0.061492,-0.750444
0.154657,-1.004609
0.161987,-1.004551
0.171877,-1.004578
0.181789,-1.004609
0.195978,-1.004675
0.205982,-1.004709
0.213021,-1.004380
0.228333,-1.004137
0.237730,-1.003937
0.248487,-1.003938
0.258821,-1.003943
0.269061,-1.003977
0.271795,-1.003938
0.282178,-1.003990
0.555400,-0.333513
0.552954,-0.324380
0.552066,-0.315268
0.552658,-0.306133
0.557180,-0.290734
0.294180,-1.004003
0.300196,-1.003992
0.563899,-0.349322
0.559657,-0.343251
0.557769,-0.289028
0.565961,-0.276423
0.315265,-1.004039
0.569378,-0.355580
0.560811,-0.283321
0.325862,-1.004051
0.336495,-1.004064
0.579566,-0.264875
0.581822,-0.365220
0.572971,-0.359123
0.343835,-1.004012
0.577369,-0.362354
0.581578,-0.263662
0.570402,-0.271462
0.591465,-0.259284
0.591971,-0.369936
0.088454,-0.773943
0.595731,-0.370928
0.601304,-0.371935
0.123140,-0.807804
0.549761,-0.313909
0.583274,-0.258905
0.454015,-0.060460
0.442411,-0.058566
0.439021,-0.057708
0.419572,-0.046900
0.428544,-0.052207
0.424211,-0.049287
0.410362,-0.035709
0.407616,-0.031894
0.404474,-0.025536
0.077858,-0.761702
0.474105,-0.056646
0.451323,-0.058294
0.400927,-0.011373
0.400362,0.002669
0.469368,-0.057172
0.403563,0.018339
0.568348,-0.268268
0.405165,0.022015
0.410866,0.032103
0.582163,-0.358674
0.601495,-0.364029
0.561637,-0.339590
0.559806,-0.276813
0.432720,-0.049872
0.577204,-0.258300
0.409951,0.033070
0.399536,-0.003244
0.465427,-0.060171
0.549496,-0.305956
0.549079,-0.320269
0.549024,-0.330527
0.067392,-0.767394
0.048654,-0.750368
-0.999398,-0.953521
-0.999277,-0.986301
-0.999811,-0.960725
-0.999860,-0.970612
-0.466282,-0.760852
-0.475556,-0.760547
-0.489225,-0.760133
-0.519323,-0.759333
-0.538453,-0.758890
-0.497423,-0.759902
-0.501635,-0.759789
-0.521629,-0.759276
-0.540954,-0.758834
-0.459130,-0.761101
-0.491246,-0.760074
-0.466790,-0.758344
-0.477852,-0.758048
-0.489494,-0.757758
-0.550791,-0.756488
-0.455634,-0.658353
-0.455619,-0.667622
-0.457066,-0.619077
-0.457023,-0.629817
-0.456973,-0.642162
-0.457373,-0.535312
-0.457353,-0.541154
-0.457304,-0.555266
-0.457285,-0.560723
-0.457247,-0.571335
-0.457210,-0.581562
-0.457173,-0.591430
-0.457137,-0.600959
-0.457015,-0.631914
-0.457393,-0.529349
-0.948101,-0.527312
-0.458554,-0.465696
-0.458511,-0.476632
-0.458484,-0.483716
-0.458442,-0.494050
-0.458401,-0.504047
-0.458360,-0.513726
-0.519895,-0.749777
-0.520339,-0.749814
-0.531165,-0.749661
-0.550646,-0.749454
-0.780791,-0.616389
-0.779249,-0.616145
-0.502875,-0.761223
-0.512737,-0.760523
-0.522173,-0.761340
-0.533519,-0.760577
-0.540258,-0.760965
-0.660811,-0.028804
-0.559261,-0.450059
-0.559762,-0.460809
-0.559275,-0.490233
-0.558726,-0.470530
-0.757601,0.034684
-0.559283,-0.532710
-0.558914,-0.521483
-0.558616,-0.511839
-0.558498,-0.507904
-0.557983,-0.489617
-0.559334,-0.542192
-0.559057,-0.571736
-0.558695,-0.562302
-0.558344,-0.552610
-0.558534,-0.593488
-0.558129,-0.583310
-0.648992,-0.016017
-0.739097,0.142188
-0.741239,0.126180
-0.642739,0.005863
-0.701913,0.267723
-0.627966,0.033151
-0.732236,0.125486
-0.743776,0.078320
-0.758444,0.027940
-0.761595,0.020250
-0.599214,0.450633
-0.589314,0.451211
-0.695424,0.665755
-0.694459,0.674548
-0.574534,0.451333
-0.700124,0.628505
-0.038725,0.267648
-0.568513,0.451032
-0.583235,0.449958
-0.590262,0.449911
-0.698885,0.457237
-0.577252,0.449793
-0.691582,0.658195
-0.028540,0.263051
-0.159629,-0.159851
-0.039919,0.201663
0.025231,0.172061
-0.669759,-0.053719
0.150239,-0.449202
0.168775,-0.449352
0.028804,-0.228254
-0.029893,0.257382
0.006808,-0.173158
-0.136415,-0.212994
0.020504,0.164550
-0.524472,-0.450117
-0.514412,-0.450338
-0.505170,-0.450532
-0.494403,-0.450749
0.092196,-0.779077
0.100859,-0.785256
0.111574,-0.790861
0.059932,-0.750193
-0.539699,-0.717686
-0.539711,-0.701058
-0.539615,-0.737189
-0.539644,-0.681535
-0.539674,-0.651228
-0.539557,-0.675212
-0.539599,-0.627407
-0.539636,-0.601377
-0.539462,-0.665599
-0.539498,-0.613220
-0.539532,-0.585496
-0.539572,-0.561997
-0.539594,-0.551544
-0.539385,-0.593312
-0.539400,-0.577910
-0.539478,-0.528990
-0.539526,-0.510112
-0.539551,-0.501714
-0.539602,-0.486659
-0.539269,-0.548369
-0.539286,-0.533963
-0.539425,-0.472464
-0.539452,-0.465054
-0.539480,-0.458209
0.357014,-0.457616
-0.461912,-0.439601
0.448298,-0.060043
-0.451237,-0.439205
-0.448025,-0.439608
0.082220,-0.762738
0.369904,-0.453779
0.410647,0.029065
0.424012,0.043342
0.352350,-1.000280
0.419931,0.040122
0.613402,-0.369543
0.669166,-0.366852
0.486072,-0.053479
0.659079,-0.367977
0.380115,-0.452664
0.559172,-0.350107
0.143757,-0.885764
-0.556008,-0.760513
-0.989811,-0.768491
-0.989135,-0.775826
-0.988787,-0.781047
-0.988376,-0.792060
-0.988509,-0.800586
-0.987437,-0.810085
-0.988385,-0.820808
-0.989940,-0.831777
-0.989056,-0.841072
-0.988801,-0.851273
-0.988341,-0.861544
-0.989673,-0.871959
-0.989909,-0.880865
-0.989495,-0.891820
-0.988887,-0.902258
-0.989711,-0.912932
-0.989027,-0.923307
-0.989620,-0.933970
-0.988651,-0.940747
-0.989356,-0.953932
-0.989805,-0.964755
-0.989013,-0.975792
-0.989386,-0.986830
-0.911818,-0.989639
-0.890734,-0.988966
-0.887965,-0.989304
-0.877959,-0.988630
-0.867701,-0.989783
-0.857636,-0.988787
-0.847648,-0.989752
-0.837448,-0.989019
-0.827269,-0.989905
-0.816922,-0.989100
-0.806620,-0.989873
-0.500688,-0.749509
-0.796481,-0.989675
-0.489724,-0.749082
-0.786760,-0.989610
-0.464163,-0.748691
-0.473734,-0.748754
-0.491786,-0.748875
-0.777259,-0.989503
-0.767195,-0.989521
-0.756903,-0.989602
-0.747001,-0.989693
-0.735479,-0.989889
-0.725955,-0.989989
-0.717203,-0.989700
0.078982,-0.746875
-0.705287,-0.989952
0.083855,-0.746845
0.091921,-0.746819
-0.697475,-0.989662
-0.685815,-0.989913
0.110797,-0.746763
-0.677588,-0.989668
-0.665015,-0.989968
0.125388,-0.746739
0.105855,-0.746739
-0.657195,-0.989724
0.144730,-0.746724
-0.645676,-0.989975
0.166148,-0.746719
-0.637083,-0.989781
0.133359,-0.746707
-0.629462,-0.989533
-0.615079,-0.989936
0.159762,-0.746703
-0.608712,-0.989639
0.188158,-0.746702
-0.595257,-0.989988
0.197687,-0.746700
0.177959,-0.746700
-0.585953,-0.989843
0.228377,-0.746698
0.207830,-0.746700
-0.579608,-0.989545
0.212979,-0.746701
-0.565202,-0.989948
-0.557968,-0.989704
0.233740,-0.746703
-0.549561,-0.989505
-0.535176,-0.989910
0.244077,-0.746702
-0.527927,-0.989662
-0.515454,-0.989963
0.259410,-0.746699
0.264468,-0.746698
-0.506184,-0.989817
-0.496782,-0.989968
0.274543,-0.746696
-0.485403,-0.989922
0.284601,-0.746695
0.309879,-0.746691
-0.477163,-0.989727
0.294693,-0.746694
-0.465658,-0.989977
0.319973,-0.746689
0.325062,-0.746688
-0.456425,-0.989831
0.330175,-0.746687
-0.448157,-0.989632
-0.435647,-0.989934
0.356494,-0.745129
-0.427463,-0.989738
0.367257,-0.745070
0.360100,-0.997120
0.341077,-0.746687
-0.419156,-0.989539
-0.406716,-0.989845
-0.398480,-0.989648
0.388458,-0.997135
0.372374,-0.997069
-0.389116,-0.989498
-0.376690,-0.989804
0.376964,-0.743819
0.393892,-0.997078
-0.368438,-0.989605
0.401076,-0.997081
-0.354791,-0.989958
0.415432,-0.997086
0.438859,-0.997155
-0.347712,-0.989709
0.422585,-0.997089
-0.339425,-0.989509
-0.325867,-0.989865
0.443881,-0.997098
0.450936,-0.997101
-0.318740,-0.989617
-0.305032,-0.989972
0.465012,-0.997108
0.472013,-0.997111
-0.296952,-0.989775
0.486013,-0.997117
-0.289778,-0.989523
-0.275061,-0.989929
0.507151,-0.997125
-0.268023,-0.989682
0.491599,-0.997060
-0.255295,-0.989985
0.528559,-0.997136
-0.246155,-0.989839
-0.239052,-0.989589
-0.225291,-0.989945
0.512698,-0.997013
0.534480,-0.997080
0.557314,-0.997149
0.541625,-0.997083
-0.217225,-0.989746
-0.205510,-0.989997
0.562901,-0.997090
-0.196410,-0.989850
0.576966,-0.997095
0.599957,-0.997164
0.586689,-0.997972
0.636379,-0.705875
0.648926,-0.729238
0.639513,-0.715390
0.071411,-0.750701
0.609255,-0.999962
0.659727,-0.738457
0.641694,-0.719703
0.082541,-0.750755
0.611703,-0.999347
0.635199,-0.999414
0.097663,-0.750026
0.186275,-0.750547
0.167466,-0.750632
0.144298,-0.750751
0.138811,-0.750784
0.128205,-0.750843
0.118027,-0.750907
0.103520,-0.751004
0.655602,-1.001129
0.661710,-0.741241
0.633421,-0.697719
0.217233,-0.751450
0.196721,-0.751540
0.177633,-0.751632
0.159812,-0.751727
0.261181,-0.752387
0.237944,-0.752484
0.223407,-0.752551
0.209569,-0.752620
0.678018,-0.748245
0.648720,-0.731446
0.288566,-0.751637
0.248227,-0.751786
0.346730,-0.751250
0.336816,-0.751272
0.327172,-0.751298
0.317780,-0.751328
0.308675,-0.751353
0.299810,-0.751380
0.274597,-0.751466
0.258858,-0.751526
0.653608,-0.740214
0.661370,-1.003144
0.687623,-1.003210
0.639363,-0.723808
0.674288,-0.751024
0.642526,-1.004824
0.625488,-1.004237
-0.177778,-0.987301
-0.167118,-0.988347
-0.157182,-0.989147
-0.146846,-0.989846
0.689093,-0.745762
0.633182,-0.686674
-0.136199,-0.989840
0.661265,-0.737272
-0.181140,-0.987151
0.676152,-0.998036
0.701672,-0.998403
0.633793,-0.679005
0.692733,-0.999442
0.735926,-0.998416
0.711430,-0.997752
0.651075,-0.729948
-0.127505,-0.988485
-0.116448,-0.989218
-0.105834,-0.989811
-0.095575,-0.988841
-0.085199,-0.989351
-0.074880,-0.989792
0.722966,-0.996020
-0.065963,-0.989851
-0.054162,-0.989440
-0.043744,-0.989830
-0.034580,-0.988859
-0.022690,-0.989270
-0.012928,-0.989570
-0.002329,-0.989864
0.018988,-0.989347
0.029804,-0.989600
0.030090,-0.989960
0.762618,-0.994749
0.041229,-0.989173
0.059906,-0.989583
0.063448,-0.988496
0.070985,-0.988662
0.081568,-0.988188
0.092576,-0.988419
0.104388,-0.988645
0.110630,-0.988757
0.123843,-0.988980
0.138140,-0.989199
0.145736,-0.989308
0.157556,-0.989865
0.163023,-0.989459
0.175381,-0.989621
0.750098,-0.992814
0.694851,-0.740911
0.673094,-0.739389
0.180083,-0.988656
0.193113,-0.988833
0.740795,-0.991294
0.302578,-0.988881
0.330899,-0.989135
0.773065,-0.991364
0.799398,-0.991451
0.312393,-0.988857
0.326053,-0.988985
0.629711,-0.667850
0.342766,-0.989033
0.350009,-0.989097
0.372974,-0.989288
0.381070,-0.989352
0.360258,-0.989092
0.391109,-0.989349
0.407883,-0.989477
0.416641,-0.989540
0.425666,-0.989605
0.434974,-0.989671
0.454467,-0.989745
0.446191,-0.989628
0.780529,-0.991310
0.825738,-0.991477
0.465995,-0.989705
0.476745,-0.989709
0.486071,-0.989774
0.814352,-0.991406
0.800192,-0.991317
0.842499,-0.991480
0.498094,-0.989690
0.508581,-0.989671
0.510001,-0.989584
0.520211,-0.989566
0.530271,-0.989552
0.548972,-0.989611
0.567671,-0.989674
0.830514,-0.991148
0.866383,-0.991305
0.854563,-0.991222
0.872527,-0.991301
0.582054,-0.989708
0.599097,-0.989842
0.895807,-0.991515
0.552411,-0.989957
0.883675,-0.991932
0.272803,-0.988426
0.280160,-0.988613
0.290370,-0.988858
0.914132,-0.994208
0.750281,-0.735912
0.223764,-0.988196
0.233308,-0.988508
0.245388,-0.988873
0.258221,-0.989227
0.264946,-0.989401
0.216378,-0.988302
0.203658,-0.988160
0.909900,-0.995478
0.484795,-0.720961
0.926574,-0.996437
0.939203,-0.997748
0.944746,-1.001175
0.954386,-1.001116
1.012171,-0.882789
1.012161,-0.876688
1.012147,-0.867542
1.012127,-0.855356
1.012112,-0.846222
1.012092,-0.834047
1.012082,-0.827960
1.012061,-0.815786
1.012046,-0.806652
1.012024,-0.794467
1.012014,-0.788370
1.011986,-0.773114
0.961872,-1.001035
1.012279,-0.991333
1.012213,-0.945087
1.012199,-0.935902
1.012186,-0.926735
1.012172,-0.917584
1.012153,-0.905404
1.012139,-0.896284
1.011918,-0.765995
1.011901,-0.756871
1.011878,-0.744685
1.011867,-0.738583
1.011844,-0.726356
1.011820,-0.714097
0.708823,-0.746773
0.974888,-1.001054
1.012230,-0.985955
1.012217,-0.976729
1.012203,-0.967529
1.012190,-0.958351
0.983155,-1.001045
1.011571,-0.708541
0.640449,-0.657489
0.638600,-0.659949
1.010955,-0.697857
0.648396,-0.648857
1.010426,-0.501499
1.010406,-0.495056
0.654349,-0.644513
1.010311,-0.485830
1.010227,-0.474952
1.010181,-0.467852
1.010155,-0.457368
1.010168,-0.449974
1.010111,-0.430001
1.010754,-0.686936
1.010151,-0.422776
1.010206,-0.416584
1.010258,-0.408968
1.010223,-0.391820
1.010274,-0.383527
1.010327,-0.371818
1.010312,-0.361218
0.780294,-0.728192
1.010379,-0.353528
0.351497,-0.753449
1.010661,-0.678222
1.010431,-0.343207
1.010469,-0.330368
1.010518,-0.326676
1.010523,-0.317564
1.009941,-0.669979
0.682629,-0.750717
0.696124,-0.752217
0.665404,-0.750478
1.007338,-0.654770
1.009127,-0.648872
1.009104,-0.638665
1.009076,-0.625768
1.010418,-0.308720
1.010453,-0.293280
1.010481,-0.281483
1.010499,-0.273512
1.010527,-0.261390
1.010546,-0.253195
1.010575,-0.240728
1.009692,-0.617897
1.010578,-0.236659
1.010548,-0.221219
1.010400,-0.217320
0.646013,-0.353522
1.010409,-0.201075
1.008537,-0.607957
1.010331,-0.192734
1.010312,-0.184497
0.570670,-0.989961
1.010271,-0.176640
1.010296,-0.163496
1.010322,-0.150112
0.601511,-0.989860
1.010276,-0.141893
0.611413,-0.989886
1.010172,-0.138605
0.622096,-0.989742
1.010162,-0.125048
0.634113,-0.989818
0.649129,-0.989001
1.007504,-0.598073
1.009949,-0.111443
0.651837,-0.987832
0.661634,-0.988071
0.674792,-0.988363
0.683231,-0.988537
0.695180,-0.988764
0.708019,-0.988988
0.637332,-0.358880
0.632269,-0.361622
0.627421,-0.364002
0.739452,-0.988369
0.747212,-0.988489
0.759461,-0.988667
1.009216,-0.105032
0.715918,-0.988564
0.722539,-0.988679
0.763830,-0.989299
0.772377,-0.989412
0.785898,-0.989578
0.651067,-0.346710
0.791685,-0.989955
1.009643,-0.097295
0.801390,-0.989130
0.811009,-0.989247
0.826265,-0.989419
1.009303,-0.089066
0.846281,-0.988696
0.857633,-0.988821
0.869547,-0.988945
1.008300,-0.070951
0.647567,-0.346436
1.005081,-0.589999
0.697576,-0.739953
1.008735,-0.067438
1.007571,-0.050540
0.651040,-0.339617
0.625997,-0.359037
1.007571,-0.040362
1.007423,-0.039178
0.492794,-0.039913
0.485120,-0.045295
0.628650,-0.657283
1.005996,-0.020776
0.506559,-0.021414
0.473152,-0.048996
0.687640,-0.739671
1.006408,-0.011850
0.508907,-0.018050
0.490481,-0.040918
0.702497,-0.734071
1.005772,0.004094
0.510617,-0.011936
0.817026,-0.433722
1.005681,0.012725
0.500650,-0.030379
1.005704,0.022040
1.005801,0.039698
0.819526,-0.428894
1.005796,0.047406
0.511721,-0.009104
1.005733,0.054801
0.619820,-0.687203
0.619420,-0.698780
0.619088,-0.676409
1.003778,0.060204
1.003884,0.078657
0.648507,-0.338017
0.637957,-0.349288
0.619905,-0.709073
0.619960,-0.665200
0.618587,-0.358511
0.468270,-0.047024
0.450361,-0.049494
0.441195,-0.048566
0.619249,-0.714026
1.000485,0.086412
0.650423,-0.328762
0.496617,-0.025749
0.489953,-0.033136
0.505626,-0.008100
0.399676,-0.018608
0.353560,-0.461072
0.353768,-0.470855
0.353981,-0.480202
0.354185,-0.493909
1.000217,0.093815
0.353132,-0.449280
0.354283,-0.502070
0.353464,-0.517690
0.353791,-0.528533
0.354072,-0.537122
0.352996,-0.543950
0.353426,-0.556138
0.353821,-0.566176
0.619440,-0.657420
0.609037,-0.685015
0.997475,0.106858
0.353555,-0.570224
0.349684,-0.468673
0.349876,-0.478980
0.353107,-0.584133
0.353680,-0.595185
0.499456,-0.015471
0.349970,-0.483589
0.996235,0.111781
0.539826,-0.318855
0.479235,-0.039360
0.397436,-0.021060
0.996300,0.127918
0.349673,-0.449403
0.996365,0.139470
0.646720,-0.329740
0.549402,-0.054799
0.996306,0.144214
0.996411,0.156898
0.211711,0.242074
0.996427,0.169377
0.227006,0.249940
0.996438,0.188306
0.549920,-0.340797
0.996287,0.175646
0.033937,0.190558
0.029132,0.186687
0.044195,0.202968
0.031498,0.188309
0.996445,0.207128
0.552075,-0.043138
0.040260,0.197031
0.996293,0.194415
0.226964,0.289105
0.018399,0.180560
0.996448,0.219625
0.051850,0.224780
0.049896,0.215688
0.552551,-0.035119
0.232309,0.298850
0.228412,0.291115
0.217506,0.239797
0.052085,0.235928
0.050924,0.219145
0.996300,0.225667
0.996403,0.238256
0.233177,0.302602
0.996409,0.257092
0.539881,-0.321941
0.218211,0.283794
0.225735,0.252509
0.996257,0.244587
0.051417,0.240964
0.996413,0.269691
0.996420,0.288596
0.996268,0.276056
0.220724,0.275093
0.221838,0.239647
0.537475,-0.309916
0.221838,0.266768
0.569829,-0.360244
0.219565,0.278669
0.538941,-0.333161
0.558893,-0.361480
0.549577,-0.352772
0.048906,0.223721
0.408228,-0.040704
0.049016,0.233615
-0.145520,-0.130963
0.044219,0.249437
0.538771,-0.341130
0.396254,-0.030157
-0.148845,-0.128874
-0.149290,-0.146457
0.208232,0.236975
0.498712,-0.009961
0.216772,0.267452
-0.045017,0.187641
-0.151521,-0.147985
0.418992,-0.052153
0.228377,0.301047
-0.007104,0.326386
-0.300483,-0.052704
0.125380,0.423813
0.504595,0.149468
0.388461,-0.021433
0.385532,-0.012407
0.399385,-0.040697
0.204813,0.377880
0.218387,0.256253
0.438523,-0.060177
0.409209,-0.050440
0.323672,0.676652
0.314526,0.676733
0.305362,0.676813
0.293107,0.676997
0.429262,-0.060512
0.338891,0.676350
-0.149090,-0.150704
0.341834,0.676255
0.350647,0.676114
0.362010,0.675878
0.382518,-0.006960
0.373376,0.675693
-0.043193,0.618674
0.389984,-0.032286
-0.054185,0.618679
-0.064367,0.618743
0.386993,0.675377
-0.038640,0.626227
-0.075363,0.618742
-0.038620,0.631213
-0.082905,0.618717
-0.093844,0.618717
-0.104211,0.618786
-0.038592,0.641149
-0.038682,0.619997
-0.115180,0.618793
-0.126139,0.618805
-0.038590,0.658430
-0.038586,0.663363
-0.133989,0.618749
-0.038575,0.673129
-0.038575,0.690495
-0.038561,0.682756
-0.038563,0.700101
0.216747,0.229530
-0.650586,-0.000434
0.206474,0.227873
-0.039689,0.726222
-0.039676,0.718056
-0.023036,0.169804
-0.652118,0.016728
-0.655013,0.028862
-0.039606,0.736564
-0.658301,0.031023
-0.661534,0.035342
-0.039986,0.742362
-0.664531,0.040684
-0.040028,0.760181
-0.040016,0.751346
0.031212,0.178859
-0.673282,0.047095
-0.039901,0.754410
-0.042427,0.608768
-0.050852,0.608913
-0.065049,0.609150
-0.070784,0.609244
-0.085271,0.609475
-0.094069,0.609614
-0.102949,0.609753
-0.508429,0.445606
-0.111634,0.609122
-0.506889,0.437504
-0.519220,0.439191
-0.679527,0.051300
-0.121666,0.607523
-0.136677,0.607799
-0.031533,0.167228
-0.508815,0.459060
-0.682834,0.052393
0.041094,0.188471
-0.508692,0.465116
-0.508770,0.476165
-0.520461,0.439268
-0.535829,0.439387
-0.508697,0.484645
-0.546116,0.439091
-0.508607,0.496915
-0.508553,0.502815
-0.508509,0.512495
-0.692623,0.055751
-0.660007,0.028934
-0.006276,0.159997
-0.569494,0.442724
-0.398326,-0.120422
-0.508449,0.531395
-0.508443,0.527299
-0.555562,0.441793
-0.044362,0.175065
-0.010564,0.159628
-0.508487,0.546752
-0.508481,0.560108
-0.508475,0.555905
-0.508412,0.574239
-0.508363,0.583431
-0.511823,0.544815
-0.511801,0.524747
-0.511779,0.505244
-0.511762,0.490026
-0.511753,0.482540
-0.511744,0.475133
-0.511727,0.460551
-0.511718,0.453372
-0.507248,0.596942
-0.025020,0.158425
-0.559550,0.439443
-0.588237,0.439712
-0.505475,0.601809
-0.563818,0.439032
-0.573172,0.439124
-0.592346,0.439308
-0.607156,0.439448
-0.612174,0.439493
-0.620424,0.438319
-0.630660,0.438418
-0.641073,0.438515
-0.651679,0.438615
-0.673603,0.435251
-0.663836,0.437665
-0.506404,0.427887
-0.681545,0.434184
-0.681405,0.047658
-0.774894,-0.056532
-0.706029,0.430854
-0.706416,0.428763
-0.149986,-0.162596
-0.670012,0.038531
-0.659647,-0.041284
-0.649822,-0.021906
-0.648892,0.012706
-0.676036,-0.061355
-0.146505,-0.170107
-0.139846,-0.160864
-0.449644,-0.466148
-0.439858,-0.693886
-0.439903,-0.679394
-0.439529,-0.687799
-0.439410,-0.717227
-0.439825,-0.724069
-0.439116,-0.745258
-0.439215,-0.750927
0.386376,-0.738123
0.846236,-0.719391
0.947722,-0.696985
0.660081,-0.637755
0.657184,-0.638993
0.637502,-0.649065
0.649992,-0.634791
0.721268,-0.739836
0.911488,-0.703529
0.832760,-0.989585
0.871697,-0.989954
0.886245,-0.989564
0.907347,-0.989753
0.929938,-0.989945
0.548724,-0.294487
0.950136,-0.989656
0.965358,-0.989786
0.989521,-0.989980
0.933331,-0.989452
0.947361,-0.989583
0.977300,-0.989845
0.842921,-0.708663
0.837640,-0.524359
0.928040,-0.699945
0.769093,-0.727666
0.841159,-0.519661
0.834237,-0.723717
0.718230,-0.737074
0.627783,-0.648556
0.633833,-0.639279
0.230686,0.246940
0.052938,0.209366
0.502479,0.201841
0.230586,0.289192
1.000532,0.292304
1.000533,0.304529
1.000466,0.315466
1.000488,0.324848
1.000443,0.330276
1.000434,0.342331
1.000491,0.358478
1.000468,0.361143
1.000594,0.375320
0.996798,-0.510650
0.997052,-0.529156
0.997226,-0.530043
0.999695,-0.574210
0.999922,-0.563340
1.000113,-0.553896
1.000298,-0.544506
0.612467,-0.370242
1.009283,0.388211
1.009249,0.401105
1.009162,0.392275
1.007663,0.411762
1.007947,0.424228
1.007478,0.430614
1.007522,0.440734
1.007565,0.451079
1.006983,0.461333
1.007029,0.472298
1.007074,0.483520
1.007120,0.495017
1.007167,0.506794
0.850423,0.364598
1.007296,0.532860
1.007396,0.558816
0.860431,0.364583
1.007680,0.520524
1.007778,0.545893
1.007075,0.519881
1.006602,0.572522
0.840035,0.365666
0.800677,0.365021
0.838144,0.366757
0.828911,0.366638
0.819691,0.366517
0.780583,0.365980
0.799191,0.365325
0.779839,0.366223
1.004678,0.565375
0.766710,0.367061
1.004642,0.599021
1.005101,0.580886
1.004366,0.606778
1.004421,0.623620
1.004397,0.617345
1.004307,0.645651
0.989942,-0.243978
0.989522,-0.232181
0.988889,-0.221962
0.989402,-0.217603
1.001597,0.631742
1.001655,0.651825
0.989711,-0.207600
1.001623,0.660936
1.001682,0.682409
0.988754,-0.197686
0.989794,-0.187793
0.989255,-0.177540
0.988894,-0.167752
0.989850,-0.156882
0.999748,0.678064
0.989608,-0.147360
0.999401,0.695015
0.989555,-0.136743
0.989529,-0.126709
0.989574,-0.116397
0.998655,0.715296
0.989634,-0.106423
0.998446,0.706022
0.989704,-0.096693
0.989832,-0.086328
0.857532,0.379631
0.989963,-0.076040
0.998014,0.732234
0.998082,0.756482
0.989485,-0.068622
0.857412,0.392078
0.989781,-0.056428
0.997868,0.741128
0.997937,0.765376
0.989972,-0.045796
0.398319,0.686579
0.380164,0.681473
0.989609,-0.038061
0.997603,0.721427
0.857208,0.422421
0.377348,0.681376
0.989903,-0.025827
0.398169,0.698432
0.369605,0.681325
0.351708,0.681344
0.997675,0.786914
0.857100,0.388863
0.989491,-0.019466
0.398111,0.703613
0.348129,0.681225
0.989889,-0.005511
0.997600,0.796877
0.759396,0.367589
0.398032,0.716320
0.334208,0.681188
0.997490,0.774993
0.397957,0.729606
0.324178,0.681150
0.314393,0.681119
0.989881,0.014379
0.997539,0.822404
0.397937,0.732484
0.304840,0.681092
0.997563,0.844805
0.856940,0.436081
0.989575,0.021802
0.997441,0.815380
0.397889,0.743125
0.989875,0.033936
0.397852,0.752011
0.856861,0.403811
0.989570,0.041111
0.989919,0.054210
0.397797,0.767931
0.997240,0.805235
0.856815,0.415625
0.989666,0.062089
0.997389,0.866323
0.856809,0.441040
0.397787,0.775599
0.989964,0.074289
0.997260,0.831971
0.989763,0.082940
0.845865,0.676313
0.989510,0.090674
0.997223,0.855516
0.989912,0.104697
0.997298,0.889488
0.997235,0.875787
0.997305,0.899631
0.989663,0.112211
0.997311,0.909416
0.989962,0.124381
0.997316,0.918860
0.390131,0.679960
0.989816,0.133750
0.997262,0.920841
0.997332,0.945410
0.989567,0.141218
0.989919,0.154298
0.989722,0.162614
0.930891,1.011789
0.924791,1.011799
0.915648,1.011814
0.909556,1.011824
0.894331,1.011849
0.885200,1.011864
0.879112,1.011874
0.866935,1.011893
0.854752,1.011913
0.845610,1.011928
0.833409,1.011948
0.842177,0.708764
0.997281,0.960369
0.994352,1.011630
0.985173,1.011645
0.979063,1.011655
0.966865,1.011675
0.954692,1.011695
0.948614,1.011705
0.989469,0.170075
0.989873,0.184052
0.997215,0.951246
0.997285,0.975116
0.997149,0.935599
0.828012,1.011770
0.989622,0.191355
0.989972,0.204499
0.841667,0.712292
0.989824,0.213684
0.997222,0.985548
0.997216,0.991991
0.989574,0.220969
0.989926,0.234057
0.989728,0.242243
0.856696,0.451116
0.989527,0.250554
0.989932,0.264631
0.400130,0.682629
0.989735,0.272813
0.818659,1.010877
0.839339,0.699151
0.411405,1.011549
0.400181,0.691009
0.989483,0.280159
0.400738,1.011498
0.989838,0.293177
0.390075,1.011444
0.400089,0.709964
0.382944,1.011384
0.989639,0.301420
0.375846,1.011326
0.400138,0.718297
0.989989,0.314628
0.365218,1.011276
0.400186,0.720713
0.354584,1.011231
0.400868,0.679881
0.989841,0.323776
0.340308,1.011195
0.400091,0.739661
0.837561,0.681549
0.989589,0.331017
0.400137,0.748026
0.989941,0.344177
0.400185,0.750474
0.989742,0.352317
0.400136,0.765943
0.806267,1.010083
0.989540,0.360584
0.400234,0.770876
0.989999,0.374602
0.860194,0.374181
0.860699,0.394979
0.860792,0.385130
0.860050,0.436807
0.860190,0.413464
0.860247,0.405555
0.860012,0.422423
0.862196,0.454254
0.862224,0.448637
0.794265,1.008958
0.785063,1.008870
0.778987,1.008864
0.768235,1.009023
0.757879,1.008661
0.747057,1.009131
0.739112,1.008464
0.989647,0.382310
0.721362,1.008841
0.860619,0.460989
0.716873,1.008400
0.989488,0.392506
0.708619,1.008066
0.989400,0.402344
0.989750,0.412828
0.698582,1.009239
0.684651,1.009241
0.989386,0.420146
0.675072,1.009112
0.859492,0.461264
0.989996,0.430770
0.817955,0.605190
0.711234,0.890674
0.684953,0.971091
0.989591,0.443325
0.988505,0.453123
0.989108,0.464122
0.989588,0.474330
0.667695,1.009373
0.986725,0.481865
0.987094,0.495324
0.987344,0.506301
0.987551,0.516883
0.987719,0.526797
0.987876,0.537606
0.988024,0.549448
0.988228,0.569524
0.657972,1.011963
0.647981,1.009466
0.634543,1.008960
0.989289,0.551297
0.989782,0.570498
0.627334,1.008471
0.989678,0.584295
0.989826,0.591075
0.615568,1.008286
0.603489,1.008366
0.989178,0.603696
0.989384,0.613066
0.989588,0.623085
0.989790,0.633818
0.988836,0.640940
0.989106,0.655558
0.989321,0.668284
0.989480,0.678501
0.989638,0.689361
0.989899,0.709066
0.597688,1.007353
0.580856,1.007459
0.989323,0.691697
0.989644,0.715064
0.573608,1.007304
0.989779,0.726416
0.989832,0.730700
0.989080,0.742425
0.568438,1.006772
0.558663,1.006842
0.541230,1.006963
0.988478,0.765401
0.988538,0.770461
0.988720,0.786423
0.988840,0.797768
0.989021,0.815965
0.538712,1.006293
0.528558,1.006370
0.510412,1.006506
0.988432,0.753282
0.989030,0.805682
0.989207,0.824247
0.989327,0.837528
0.505209,1.006633
0.499902,1.006671
0.486442,1.006767
0.477242,1.008196
0.463392,1.008194
0.451096,1.007949
0.442484,1.007943
0.439969,1.008519
0.428233,1.008536
0.338811,1.008668
0.329564,1.008633
0.310169,1.008863
0.305390,1.008909
0.294292,1.008941
0.282969,1.008974
0.271412,1.009008
0.263573,1.009030
0.252062,1.009055
0.235697,1.009105
0.248746,1.009035
0.229281,1.009058
0.218206,1.008689
0.206605,1.008650
0.196502,1.008698
0.186183,1.008745
0.170282,1.008819
0.989712,0.840885
0.989837,0.851389
0.989274,0.863459
0.989615,0.873882
0.989853,0.882001
0.989503,0.892812
0.989794,0.903818
0.989687,0.913496
0.989976,0.925865
0.989636,0.931386
0.989711,0.943224
0.989793,0.955226
0.989831,0.965205
0.989917,0.977480
0.989998,0.989909
0.989601,0.990034
0.976977,0.999960
0.967605,0.999901
0.959390,0.999815
0.947531,0.999973
0.937871,0.999150
0.927672,0.999517
0.917901,0.999848
0.908289,0.997533
0.898267,0.998056
0.888020,0.998547
0.878266,0.998978
0.868082,0.999395
0.858180,0.999772
0.848294,0.997380
0.838159,0.997936
0.827991,0.998439
0.817728,0.998901
0.807824,0.999309
0.797793,0.999688
0.788456,0.998448
0.776899,0.998894
0.767016,0.999243
0.757072,0.999566
0.746312,0.999888
0.736230,0.999922
0.168980,1.005276
-0.005141,1.005906
0.728419,0.999891
0.148771,1.005272
0.114204,1.005352
0.100430,1.005404
0.086196,1.005453
0.056110,1.005561
0.152119,1.005172
0.139655,1.005220
0.126750,1.005272
0.070575,1.005474
0.022798,1.005641
0.716612,0.999266
0.705035,0.999552
0.694776,0.999787
0.684975,0.999997
-0.013017,1.005010
-0.093102,1.005246
-0.037900,0.783943
-0.037807,0.775490
-0.037743,0.769846
0.673828,0.998503
0.663970,0.998706
0.653397,0.998909
0.642016,0.999114
0.631539,0.999290
0.622239,0.999438
0.610318,0.999617
0.590660,0.999889
0.096261,1.003036
0.033438,1.003242
0.016135,1.003301
-0.020601,1.003418
-0.040121,1.003475
-0.060475,1.003532
-0.039949,0.809867
-0.039861,0.795843
0.608914,0.999895
0.043226,1.003466
0.063939,1.003606
-0.084648,1.004074
-0.107008,1.004135
-0.039466,0.810336
0.333995,0.774422
0.352161,0.774488
0.360820,0.774523
0.813740,0.989241
0.807860,0.989947
0.587955,0.998348
-0.036762,1.001939
-0.057509,1.002000
-0.079203,1.002062
-0.040756,0.776672
-0.040634,0.745707
-0.040530,0.720160
0.317296,0.772530
0.326611,0.772561
0.344353,0.772621
0.376671,0.772735
0.384173,0.772765
0.577714,0.998772
0.567625,0.998900
0.556927,0.999029
0.548466,0.999126
0.536548,0.999257
0.523833,0.999389
0.513721,0.999489
0.495650,0.999658
0.483998,0.999760
0.471673,0.999864
-0.040676,0.805793
-0.040641,0.797441
-0.040605,0.789076
-0.040382,0.738542
0.302607,0.772838
0.508865,0.999775
-0.041628,0.811193
-0.040082,0.718753
0.797978,0.989406
0.467967,0.999026
0.454700,0.999133
0.785302,0.988356
0.777621,0.989205
0.449807,0.998014
0.435405,0.998125
0.425275,0.998200
-0.111036,1.000439
-0.078897,0.810100
0.410782,0.998758
0.405272,0.998795
0.399634,0.998833
0.381903,0.998949
0.369350,0.999027
0.342277,0.999185
-0.120862,1.000913
0.379655,0.999244
0.339924,0.999480
0.325251,0.999561
0.301694,0.999684
-0.107590,0.810895
0.768592,0.988492
0.757672,0.989584
0.358802,0.998148
0.290922,0.998522
0.264159,0.998653
-0.041187,0.706522
0.747316,0.988574
0.737290,0.989438
0.315010,0.997448
0.281911,0.997621
0.273009,0.997665
0.254371,0.997755
0.244607,0.997801
0.234527,0.997847
0.222216,0.998762
0.200612,0.998855
0.216649,0.999675
0.194987,0.999767
0.171802,0.999861
0.159586,0.999909
-0.068193,0.811577
0.298423,0.772470
-0.131640,1.001536
-0.156223,1.003277
-0.116951,0.813180
-0.058325,0.813170
-0.084451,0.813530
-0.124533,0.815458
-0.161533,1.005079
-0.198276,1.006227
-0.181516,1.006969
-0.142665,1.006325
-0.175962,1.006516
0.714511,0.987909
0.708587,0.989018
0.182874,0.999500
0.167972,0.999552
0.118343,0.999714
0.099927,0.999771
0.080437,0.999829
-0.092758,0.810368
0.037850,0.999948
0.135829,0.999652
0.059839,0.999882
-0.203384,1.000566
-0.242247,1.000443
-0.195095,0.801934
0.248378,0.755241
0.686956,0.986931
0.677709,0.988029
0.667047,0.989025
0.656650,0.989801
0.140196,0.996208
0.122082,0.996269
0.060875,0.996461
-0.040402,0.694185
0.318585,0.768200
0.349614,0.768434
0.367138,0.768581
0.377055,0.768674
0.389627,0.768795
0.002237,0.271801
0.013263,0.996591
-0.041339,0.996741
-0.040410,0.688895
-0.040430,0.678260
-0.040456,0.664848
-0.040472,0.656735
0.305846,0.768104
0.326702,0.768250
0.330668,0.768278
0.356764,0.768484
0.012233,0.268453
0.023276,0.262101
0.033854,0.251294
0.037170,0.246099
0.027814,0.258059
-0.139695,0.996975
-0.107776,0.806774
-0.071452,0.806782
0.103209,0.996292
-0.012806,0.996635
-0.071426,0.996792
-0.104175,0.996876
-0.178015,0.997058
-0.157195,0.802597
-0.089270,0.806770
-0.054465,0.806773
-0.011229,0.661548
0.296935,0.768020
0.246168,0.564481
0.009115,0.269736
0.646043,0.988760
0.635558,0.989353
0.625656,0.989827
0.614766,0.989503
0.604739,0.989879
0.005554,0.994697
0.214756,0.310508
0.207040,0.244304
-0.024759,0.994910
0.219523,0.308957
0.594499,0.988997
0.582846,0.989390
0.573115,0.989677
0.562377,0.989960
-0.085148,0.994178
-0.118966,0.994275
-0.155582,0.994376
-0.060653,0.804209
0.038558,0.239596
0.209953,0.309529
0.552204,0.989211
0.530797,0.989701
0.075664,0.993043
0.548890,0.988912
0.528414,0.989414
0.514192,0.989708
-0.120101,0.803495
0.508208,0.989594
-0.062572,0.993297
-0.190087,0.993651
-0.228511,0.993748
0.394484,0.668667
-0.013368,0.268556
0.499085,0.989575
0.483325,0.989868
-0.059370,0.993269
-0.216171,0.993705
-0.095581,0.803482
0.471578,0.989904
0.135800,0.705273
0.469864,0.989599
0.453653,0.989895
0.047900,0.992871
-0.099832,0.993365
-0.116272,0.803518
0.441730,0.989940
0.027071,0.992930
-0.030376,0.993135
-0.123661,0.993429
0.437773,0.989662
0.420741,0.989962
-0.146602,0.993456
0.414571,0.989714
-0.253563,0.993728
0.408573,0.989639
-0.249546,0.993689
-0.279768,0.993777
0.399853,0.989616
-0.168969,0.993425
0.388386,0.989648
0.370460,0.989953
0.365423,0.989723
0.350018,0.989978
-0.239422,0.993592
-0.292533,0.993743
-0.262921,0.993651
0.345488,0.989749
0.209180,0.310394
0.334077,0.989783
0.325775,0.989760
-0.281731,0.993642
0.314449,0.989784
-0.304138,0.993685
0.306279,0.989753
0.295027,0.989772
-0.323898,0.993693
0.283774,0.989792
0.272517,0.989814
-0.319710,0.993619
-0.343119,0.993696
0.264562,0.989788
-0.185379,0.993113
-0.202006,0.993179
0.256643,0.989766
-0.361952,0.993710
0.245458,0.989801
-0.337432,0.993611
0.230859,0.989890
0.221563,0.988964
-0.354704,0.992893
0.174760,0.988588
-0.385754,0.992241
-0.371424,0.991394
-0.029131,0.989997
-0.409951,0.991893
0.070020,0.988896
0.058099,0.989022
0.018894,0.989400
0.004533,0.989525
0.393120,0.025153
0.427264,0.051507
0.389220,0.016946
0.432129,0.052754
-0.029178,0.798735
-0.029445,0.781732
-0.029652,0.771467
-0.029822,0.762873
0.409495,0.040975
0.440413,0.052439
0.450119,0.052253
0.462065,0.049804
0.476230,0.042644
-0.028304,0.758704
-0.028692,0.741556
-0.028879,0.732909
-0.029099,0.722461
-0.029314,0.711927
-0.029524,0.701300
-0.029696,0.692366
-0.029899,0.681544
0.482721,0.037065
-0.029653,0.676522
-0.029923,0.661947
0.495554,0.020412
0.499048,0.011050
0.391521,0.016095
0.432350,0.048815
0.456181,0.049544
0.401127,0.669621
0.449556,0.049597
0.411834,0.758103
0.410552,0.748069
0.231873,0.230794
0.756165,0.395978
0.501553,0.016999
0.756551,0.374548
0.756446,0.380824
0.756077,0.401819
0.410395,0.737442
0.490047,0.032901
0.757838,0.355502
0.756909,0.413738
0.756645,0.427349
0.421329,0.039864
0.756800,0.433047
0.756639,0.440767
0.758626,0.454720
0.411223,0.727388
0.410338,0.716889
0.765207,0.454181
0.777375,0.454195
0.788132,0.454207
0.799212,0.454219
0.410770,0.707180
0.410068,0.696777
0.235835,0.270208
0.804717,0.453917
0.818307,0.453905
0.828340,0.453896
0.240508,0.296848
0.241811,0.286291
0.500946,0.022405
0.760013,0.354953
0.410795,0.686581
0.410142,0.675781
0.480949,0.041759
0.830570,0.453764
0.849515,0.453723
0.761331,0.375589
0.761226,0.384159
0.761119,0.392488
0.760937,0.405867
0.760754,0.418648
0.760255,0.449425
0.761021,0.421330
0.760874,0.430863
0.241626,0.301664
0.062222,0.204186
0.512116,-0.071971
0.594767,-0.263946
0.600813,-0.263386
0.616221,-0.264632
0.625790,-0.267570
0.635609,-0.272738
0.649444,-0.285394
0.463089,0.050071
0.512826,-0.080239
0.642022,-0.277309
0.656994,-0.298022
0.230514,0.310155
0.652168,-0.288706
0.662233,-0.316890
0.511181,-0.068942
0.631925,-0.269826
0.240329,0.234764
0.474425,0.050033
0.501510,0.030399
0.510127,0.014880
0.491412,0.042058
0.669249,-0.350231
0.606535,-0.259295
0.670828,-0.364377
0.611098,-0.258925
0.662934,-0.302901
0.481333,0.052526
0.510602,0.022124
0.653024,-0.279907
0.501647,0.040373
0.624046,-0.258771
0.660991,-0.291381
0.641779,-0.265915
0.490149,0.051538
0.511362,0.031283
0.632350,-0.257614
0.660873,-0.284147
0.651498,-0.269765
0.685186,-0.638264
0.694337,-0.638644
0.706832,-0.641335
0.673619,-0.639807
0.713093,-0.644007
0.700809,-0.639482
0.728795,-0.655061
0.722242,-0.649249
0.738459,-0.667528
0.731658,-0.657790
0.663313,-0.643105
0.741289,-0.672763
0.745466,-0.687723
0.640389,-0.258839
0.665427,-0.330877
0.640718,-0.661039
0.746457,-0.736954
0.660488,-0.278495
0.740601,-0.668654
0.710105,-0.638810
0.746781,-0.690731
0.650668,-0.650252
0.668697,-0.322619
0.737498,-0.670118
0.672141,-0.640259
0.696545,-0.640424
0.718040,-0.650072
0.660733,-0.341149
0.353423,-0.730975
0.729291,-0.662922
0.739520,-0.685453
0.353096,-0.721362
0.688714,-0.640122
0.352116,-0.711491
0.351111,-0.704490
0.351398,-0.697387
0.738590,-0.691785
0.351161,-0.682789
0.351407,-0.677371
0.699884,-0.872029
0.351687,-0.668860
0.352085,-0.651224
0.700445,-0.874680
0.352393,-0.641017
0.650618,-0.354355
0.352703,-0.631672
0.738661,-0.700130
0.352859,-0.627311
0.353219,-0.616455
0.353680,-0.601405
0.701033,-0.880217
0.646451,-0.361350
0.701702,-0.896766
0.337084,-0.770044
0.701611,-0.904704
0.701501,-0.916468
0.709798,-0.937602
0.730097,-0.646903
